Contract,Label,Detail
Contract1,benign,N/A
Contract2,benign,N/A
Contract3,benign,N/A
Contract4,benign,N/A
Contract5,benign,N/A
Contract6,benign,N/A
Contract7,benign,N/A
Contract8,benign,N/A
Contract9,benign,N/A
Contract10,benign,N/A
Contract11,benign,N/A
Contract12,benign,N/A
Contract13,benign,N/A
Contract14,benign,N/A
Contract15,benign,N/A
Contract16,benign,N/A
Contract17,benign,N/A
Contract18,benign,N/A
Contract19,benign,N/A
Contract20,benign,N/A
Contract21,benign,N/A
Contract22,benign,N/A
Contract23,benign,N/A
Contract24,benign,N/A
Contract25,benign,N/A
Contract26,benign,N/A
Contract27,benign,N/A
Contract28,benign,N/A
Contract29,benign,N/A
Contract30,benign,N/A
Contract31,benign,N/A
Contract32,benign,N/A
Contract33,benign,N/A
Contract34,benign,N/A
Contract35,benign,N/A
Contract36,benign,N/A
Contract37,benign,N/A
Contract38,benign,N/A
Contract39,benign,N/A
Contract40,benign,N/A
Contract41,benign,N/A
Contract42,benign,N/A
Contract43,benign,N/A
Contract44,benign,N/A
Contract45,benign,N/A
Contract46,benign,N/A
Contract47,benign,N/A
Contract48,benign,N/A
Contract49,benign,N/A
Contract50,benign,N/A
Contract51,benign,N/A
Contract52,benign,N/A
Contract53,benign,N/A
Contract54,benign,N/A
Contract55,benign,N/A
Contract56,benign,N/A
Contract57,benign,N/A
Contract58,benign,N/A
Contract59,benign,N/A
Contract60,benign,N/A
Contract61,benign,N/A
Contract62,benign,N/A
Contract63,benign,N/A
Contract64,benign,N/A
Contract65,benign,N/A
Contract66,benign,N/A
Contract67,benign,N/A
Contract68,benign,N/A
Contract69,benign,N/A
Contract70,benign,N/A
Contract71,benign,N/A
Contract72,benign,N/A
Contract73,benign,N/A
Contract74,benign,N/A
Contract75,benign,N/A
Contract76,benign,N/A
Contract77,benign,N/A
Contract78,benign,N/A
Contract79,benign,N/A
Contract80,benign,N/A
Contract81,benign,N/A
Contract82,benign,N/A
Contract83,benign,N/A
Contract84,benign,N/A
Contract85,benign,N/A
Contract86,benign,N/A
Contract87,benign,N/A
Contract88,benign,N/A
Contract89,benign,N/A
Contract90,benign,N/A
Contract91,benign,N/A
Contract92,benign,N/A
Contract93,benign,N/A
Contract94,benign,N/A
Contract95,benign,N/A
Contract96,benign,N/A
Contract97,benign,N/A
Contract98,benign,N/A
Contract99,benign,N/A
Contract100,benign,N/A
Contract101,benign,N/A
Contract102,benign,N/A
Contract103,benign,N/A
Contract104,benign,N/A
Contract105,benign,N/A
Contract106,benign,N/A
Contract107,benign,N/A
Contract108,benign,N/A
Contract109,benign,N/A
Contract110,benign,N/A
Contract111,benign,N/A
Contract112,benign,N/A
Contract113,benign,N/A
Contract114,benign,N/A
Contract115,benign,N/A
Contract116,benign,N/A
Contract117,benign,N/A
Contract118,benign,N/A
Contract119,benign,N/A
Contract120,benign,N/A
Contract121,benign,N/A
Contract122,benign,N/A
Contract123,benign,N/A
Contract124,benign,N/A
Contract125,benign,N/A
Contract126,benign,N/A
Contract127,benign,N/A
Contract128,benign,N/A
Contract129,benign,N/A
Contract130,benign,N/A
Contract131,benign,N/A
Contract132,benign,N/A
Contract133,benign,N/A
Contract134,benign,N/A
Contract135,benign,N/A
Contract136,benign,N/A
Contract137,benign,N/A
Contract138,benign,N/A
Contract139,benign,N/A
Contract140,benign,N/A
Contract141,benign,N/A
Contract142,benign,N/A
Contract143,benign,N/A
Contract144,benign,N/A
Contract145,benign,N/A
Contract146,benign,N/A
Contract147,benign,N/A
Contract148,benign,N/A
Contract149,benign,N/A
Contract150,benign,N/A
Contract151,benign,N/A
Contract152,benign,N/A
Contract153,benign,N/A
Contract154,benign,N/A
Contract155,benign,N/A
Contract156,benign,N/A
Contract157,benign,N/A
Contract158,benign,N/A
Contract159,malicious,Reentrancy
Contract160,malicious,Reentrancy
Contract161,malicious,Reentrancy
Contract162,malicious,Reentrancy
Contract163,malicious,Reentrancy
Contract164,malicious,Reentrancy
Contract165,malicious,Reentrancy
Contract166,malicious,Reentrancy
Contract167,malicious,Reentrancy
Contract168,malicious,Reentrancy
Contract169,malicious,Reentrancy
Contract170,malicious,Reentrancy
Contract171,malicious,Reentrancy
Contract172,malicious,Reentrancy
Contract173,malicious,Reentrancy
Contract174,malicious,Reentrancy
Contract175,malicious,Reentrancy
Contract176,malicious,Reentrancy
Contract177,malicious,Reentrancy
Contract178,malicious,Reentrancy
Contract179,malicious,Reentrancy
Contract180,malicious,Reentrancy
Contract181,malicious,Reentrancy
Contract182,malicious,Reentrancy
Contract183,malicious,Reentrancy
Contract184,malicious,Reentrancy
Contract185,malicious,Reentrancy
Contract186,malicious,Reentrancy
Contract187,malicious,Reentrancy
Contract188,malicious,Reentrancy
Contract189,malicious,Reentrancy
Contract190,malicious,Reentrancy
Contract191,malicious,Reentrancy
Contract192,malicious,Reentrancy
Contract193,malicious,Reentrancy
Contract194,malicious,Reentrancy
Contract195,malicious,Reentrancy
Contract196,malicious,Reentrancy
Contract197,malicious,Reentrancy
Contract198,malicious,Reentrancy
Contract199,malicious,Reentrancy
Contract200,malicious,Reentrancy
Contract201,malicious,Integer Overflow/Underflow
Contract202,malicious,Integer Overflow/Underflow
Contract203,malicious,Integer Overflow/Underflow
Contract204,malicious,Integer Overflow/Underflow
Contract205,malicious,Integer Overflow/Underflow
Contract206,malicious,Integer Overflow/Underflow
Contract207,malicious,Integer Overflow/Underflow
Contract208,malicious,Integer Overflow/Underflow
Contract209,malicious,Integer Overflow/Underflow
Contract210,malicious,Integer Overflow/Underflow
Contract211,malicious,Integer Overflow/Underflow
Contract212,malicious,Integer Overflow/Underflow
Contract213,malicious,Integer Overflow/Underflow
Contract214,malicious,Integer Overflow/Underflow
Contract215,malicious,Integer Overflow/Underflow
Contract216,malicious,Integer Overflow/Underflow
Contract217,malicious,Integer Overflow/Underflow
Contract218,malicious,Integer Overflow/Underflow
Contract219,malicious,Integer Overflow/Underflow
Contract220,malicious,Integer Overflow/Underflow
Contract221,malicious,Integer Overflow/Underflow
Contract222,malicious,Integer Overflow/Underflow
Contract223,malicious,Integer Overflow/Underflow
Contract224,malicious,Integer Overflow/Underflow
Contract225,malicious,Integer Overflow/Underflow
Contract226,malicious,Integer Overflow/Underflow
Contract227,malicious,Integer Overflow/Underflow
Contract228,malicious,Integer Overflow/Underflow
Contract229,malicious,Integer Overflow/Underflow
Contract230,malicious,Integer Overflow/Underflow
Contract231,malicious,Integer Overflow/Underflow
Contract232,malicious,Integer Overflow/Underflow
Contract233,malicious,Integer Overflow/Underflow
Contract234,malicious,Integer Overflow/Underflow
Contract235,malicious,Integer Overflow/Underflow
Contract236,malicious,Integer Overflow/Underflow
Contract237,malicious,Integer Overflow/Underflow
Contract238,malicious,Integer Overflow/Underflow
Contract239,malicious,Integer Overflow/Underflow
Contract240,malicious,Integer Overflow/Underflow
Contract241,malicious,Integer Overflow/Underflow
Contract242,malicious,Integer Overflow/Underflow
Contract243,malicious,Integer Overflow/Underflow
Contract244,malicious,Integer Overflow/Underflow
Contract245,malicious,Integer Overflow/Underflow
Contract246,malicious,Integer Overflow/Underflow
Contract247,malicious,Integer Overflow/Underflow
Contract248,malicious,Integer Overflow/Underflow
Contract249,malicious,Unprotected Ether Withdrawal
Contract250,malicious,Unprotected Ether Withdrawal
Contract251,malicious,Unprotected Ether Withdrawal
Contract252,malicious,Unprotected Ether Withdrawal
Contract253,malicious,Unprotected Ether Withdrawal
Contract254,malicious,Unprotected Ether Withdrawal
Contract255,malicious,Unprotected Ether Withdrawal
Contract256,malicious,Unprotected Ether Withdrawal
Contract257,malicious,Unprotected Ether Withdrawal
Contract258,malicious,Unprotected Ether Withdrawal
Contract259,malicious,Unprotected Ether Withdrawal
Contract260,malicious,Unprotected Ether Withdrawal
Contract261,malicious,Unprotected Ether Withdrawal
Contract262,malicious,Unprotected Ether Withdrawal
Contract263,malicious,Unprotected Ether Withdrawal
Contract264,malicious,Unprotected Ether Withdrawal
Contract265,malicious,Unprotected Ether Withdrawal
Contract266,malicious,Unprotected Ether Withdrawal
Contract267,malicious,Unprotected Ether Withdrawal
Contract268,malicious,Unprotected Ether Withdrawal
Contract269,malicious,Unprotected Ether Withdrawal
Contract270,malicious,Unprotected Ether Withdrawal
Contract271,malicious,Unprotected Ether Withdrawal
Contract272,malicious,Unprotected Ether Withdrawal
Contract273,malicious,Unprotected Ether Withdrawal
Contract274,malicious,Unprotected Ether Withdrawal
Contract275,malicious,Unprotected Ether Withdrawal
Contract276,malicious,Unprotected Ether Withdrawal
Contract277,malicious,Unprotected Ether Withdrawal
Contract278,malicious,Unprotected Ether Withdrawal
Contract279,malicious,Unprotected Ether Withdrawal
Contract280,malicious,Unprotected Ether Withdrawal
Contract281,malicious,Unprotected Ether Withdrawal
Contract282,malicious,Unprotected Ether Withdrawal
Contract283,malicious,Unprotected Ether Withdrawal
Contract284,malicious,Unprotected Ether Withdrawal
Contract285,malicious,Unprotected Ether Withdrawal
Contract286,malicious,Unprotected Ether Withdrawal
Contract287,malicious,Unprotected Ether Withdrawal
Contract288,malicious,Unprotected Ether Withdrawal
Contract289,malicious,Unprotected Ether Withdrawal
Contract290,malicious,Unprotected Ether Withdrawal
Contract291,malicious,Unprotected Ether Withdrawal
Contract292,malicious,Unprotected Ether Withdrawal
Contract293,malicious,Unprotected Ether Withdrawal
Contract294,malicious,Unprotected Ether Withdrawal
Contract295,malicious,Unprotected Ether Withdrawal
Contract296,malicious,Unprotected Ether Withdrawal
Contract297,malicious,Unprotected Ether Withdrawal
Contract298,malicious,Unprotected Ether Withdrawal
Contract299,malicious,Unprotected Ether Withdrawal
Contract300,malicious,Unprotected Ether Withdrawal
